{
  "best_model": "RandomForest",
  "best_auc": 0.5544063966626108,
  "model_comparison": {
    "RandomForest": {
      "cv_auc_mean": 0.9425568324900986,
      "cv_auc_std": 0.007449518557023509,
      "accuracy": 0.83,
      "precision": 0.24489795918367346,
      "recall": 0.15584415584415584,
      "f1": 0.19047619047619047,
      "auc": 0.5544063966626108
    },
    "GradientBoosting": {
      "cv_auc_mean": 0.9430576223071817,
      "cv_auc_std": 0.007548630828961446,
      "accuracy": 0.8333333333333334,
      "precision": 0.15151515151515152,
      "recall": 0.06493506493506493,
      "f1": 0.09090909090909091,
      "auc": 0.5256387971493133
    },
    "LogisticRegression": {
      "cv_auc_mean": 0.5616091664568119,
      "cv_auc_std": 0.016747666261685182,
      "accuracy": 0.5383333333333333,
      "precision": 0.13768115942028986,
      "recall": 0.4935064935064935,
      "f1": 0.21529745042492918,
      "auc": 0.5541456631322789
    }
  },
  "feature_names": [
    "Engagement Score",
    "Satisfaction Score",
    "Work-Life Balance Score",
    "Tenure",
    "Current Employee Rating",
    "Performance Score"
  ],
  "risk_distribution": {
    "high": 1,
    "medium": 130,
    "low": 469
  },
  "feature_importance": {
    "Engagement Score": 0.2141764450693188,
    "Satisfaction Score": 0.19734322769021861,
    "Work-Life Balance Score": 0.23203018811373255,
    "Tenure": 0.20488335426041784,
    "Current Employee Rating": 0.12103812210481832,
    "Performance Score": 0.030528662761493745
  }
}